{
  "projections": {
    "revenue": [
      14.84,
      15.730400000000001,
      16.674224000000002,
      17.674677440000004,
      18.735158086400006
    ],
    "ebitda": [
      2.8196,
      2.988776,
      3.1681025600000003,
      3.3581887136000006,
      3.559680036416001
    ],
    "fcf": [
      0.7107617999999996,
      0.7534075080000001,
      0.7986119584800001,
      0.8465286759888,
      0.8973203965481282
    ]
  },
  "valuation": {
    "dcf": {
      "enterprise_value": 8.961078320548209,
      "equity_value": 4.461078320548209
    },
    "multiples": {
      "enterprise_value": 28.47744029132801,
      "equity_value": 23.97744029132801
    },
    "football_field": {
      "low": 4.461078320548209,
      "mid": 14.21925930593811,
      "high": 23.97744029132801
    }
  }
}